program,n_reports,pct_of_dataset,program_weight
HackerOne,13,15.5,0.0769
U.S. Dept Of Defense,9,10.7,0.1111
GitHub,7,8.3,0.1429
Bykea,6,7.1,0.1667
Mars,5,6.0,0.2
Nextcloud,4,4.8,0.25
LinkedIn,3,3.6,0.3333
Revive Adserver,3,3.6,0.3333
Mozilla,3,3.6,0.3333
Autodesk,3,3.6,0.3333
Yelp,3,3.6,0.3333
TikTok,3,3.6,0.3333
Internet Bug Bounty,3,3.6,0.3333
pixiv,2,2.4,0.5
Shopify,2,2.4,0.5
WakaTime,2,2.4,0.5
Basecamp,2,2.4,0.5
Cosmos,1,1.2,1.0
Reddit,1,1.2,1.0
GitLab,1,1.2,1.0
Tools for Humanity,1,1.2,1.0
Publitas,1,1.2,1.0
ownCloud,1,1.2,1.0
Enjin,1,1.2,1.0
Automattic,1,1.2,1.0
Rockstar Games,1,1.2,1.0
Frontegg,1,1.2,1.0
X / xAI,1,1.2,1.0
